VanIsle 1200,Stephanie Briggs,2024-06-25,5
July Permanent #51,Bob Goodison,2024-07-15,1
Kulshan 300,Dan Parke,2024-07-14,1
Tinto's 500: A Blast Then A Bust!!!!,Gary Baker,2024-07-07,0
August Flood Route 200,Karen Smith,2024-08-11,0
Parallels With Latitude,Patrick Jackman,2024-08-11,1
My First 600,Lee Fish,2024-08-26,0
Alberta Bound 1000,Bob Goodison,2024-09-18,5
Gorgeous Fall Permanent,Karen Smith,2024-09-28,1
Williams Lake NDTR 1000,Dara Poon,2024-10-02,5
Bucaneer Report (Permanent #38),Barry Monaghan,2024-10-03,1
Ranchland Randon√©e,Graham Fishlock,2024-10-07,4
Roll Up Yer Sleeves (Permanent #145),Bob Goodison,2024-11-04,1
Croy Questionnaire: Anna Bonga & Mike Hagen,Mike Croy,2024-11-15,5
Perma-Light Bridal Falls - October,Karen Smith,2024-11-17,0
Perma-Light Bridal Falls - November,Karen Smith,2024-11-18,1
Remembrance Day Ride Report,Murray Tough,2024-11-18,3
Remembrance Day Ride Video,Rob Nygren,2024-11-19,4
Shuswap Shorelines,Bob Goodison,2024-12-01,1
